scenario,split,snr,policy,tput,tput_std,bler,gain_pct
AWGN__clean,OOD,5,OLLA,7.5589162666666665,0.008352308687356562,0.10019999999999996,0.0
AWGN__clean,OOD,5,ML-tput,7.558027733333333,0.013040802025778366,0.004899999999999978,-0.01175477147765669
AWGN__clean,OOD,5,ML-bler10,5.9517999999999995,0.025337805606642803,0.00023333333333334463,-21.261199489055503
AWGN__clean,OOD,5,Oracle,9.216,0.0,0.0,21.922239576071846
AWGN__clean,OOD,10,OLLA,14.530958400000001,0.022066644579243778,0.10019999999999996,0.0
AWGN__clean,OOD,10,ML-tput,14.629102933333334,0.008245620072633906,0.06736666666666664,0.6754167937975231
AWGN__clean,OOD,10,ML-bler10,11.500098133333333,0.057257029365561984,0.00473333333333333,-20.85795157645395
AWGN__clean,OOD,10,Oracle,17.509721066666668,0.018310734254590483,0.023766666666666676,20.499423263552007
AWGN__clean,OOD,15,OLLA,22.521858666666663,0.029518763922329893,0.10016666666666663,0.0
AWGN__clean,OOD,15,ML-tput,22.631137066666668,0.011011379817060431,0.09846666666666666,0.48521039767353
AWGN__clean,OOD,15,ML-bler10,23.656166933333335,0.02259805872803077,0.05436666666666664,5.036477155171459
AWGN__clean,OOD,15,Oracle,25.374449066666667,0.004614952594434292,0.06546666666666667,12.665874705190138
AWGN__clean,OOD,20,OLLA,31.288118400000002,0.012955420227841304,0.10016666666666663,0.0
AWGN__clean,OOD,20,ML-tput,32.14040053333333,0.014684520275292866,0.0016333333333333015,2.7239801461928836
AWGN__clean,OOD,20,ML-bler10,32.76392533333333,0.01085311064145148,0.00043333333333332263,4.716828651905547
AWGN__clean,OOD,20,Oracle,34.848,0.0,0.0,11.377742676913405
AWGN__clean,OOD,25,OLLA,37.92,0.0,0.0,0.0
AWGN__clean,OOD,25,ML-tput,36.8505568,0.00552435491980978,0.0,-2.820261603375529
AWGN__clean,OOD,25,ML-bler10,37.0758176,0.015516752814941316,0.0,-2.2262194092827037
AWGN__clean,OOD,25,Oracle,37.92,0.0,0.0,0.0
TDLA30-10__clean,in-dist,5,OLLA,4.5595034666666665,0.172082120537789,0.1062,0.0
TDLA30-10__clean,in-dist,5,ML-tput,5.206602666666666,0.07186394447386113,0.16810000000000003,14.192317315487802
TDLA30-10__clean,in-dist,5,ML-bler10,4.988824533333333,0.07583636103037168,0.10880000000000001,9.415960966042025
TDLA30-10__clean,in-dist,5,Oracle,5.428507199999999,0.09251537596976339,0.17020000000000002,19.059174747566065
TDLA30-10__clean,in-dist,10,OLLA,9.958048,0.14875479268541256,0.10063333333333335,0.0
TDLA30-10__clean,in-dist,10,ML-tput,10.588254933333333,0.1186809329455893,0.10980000000000001,6.328619156418336
TDLA30-10__clean,in-dist,10,ML-bler10,10.3104064,0.10232779271654385,0.08650000000000002,3.538428414886119
TDLA30-10__clean,in-dist,10,Oracle,11.059259733333334,0.14688386421835306,0.11843333333333335,11.058509994462117
TDLA30-10__clean,in-dist,15,OLLA,17.1311056,0.31380842244061474,0.10083333333333333,0.0
TDLA30-10__clean,in-dist,15,ML-tput,17.701906133333335,0.2912103643733088,0.10103333333333335,3.3319538543579608
TDLA30-10__clean,in-dist,15,ML-bler10,17.4861264,0.2921193734060553,0.0792,2.0723752937463535
TDLA30-10__clean,in-dist,15,Oracle,18.280667733333335,0.2848308032610398,0.08596666666666668,6.7103791207342445
TDLA30-10__clean,in-dist,20,OLLA,25.28512213333333,0.295513294403139,0.10073333333333334,0.0
TDLA30-10__clean,in-dist,20,ML-tput,26.406120533333336,0.32597355284547663,0.08640000000000003,4.433430829753426
TDLA30-10__clean,in-dist,20,ML-bler10,26.3424128,0.3622439053570414,0.07973333333333332,4.181473441541517
TDLA30-10__clean,in-dist,20,Oracle,27.158329066666667,0.3262008414212448,0.056066666666666674,7.408336504983271
TDLA30-10__clean,in-dist,25,OLLA,31.283546666666666,0.27455322516997505,0.10093333333333332,0.0
TDLA30-10__clean,in-dist,25,ML-tput,32.537650666666664,0.2503470095131893,0.053733333333333334,4.0088293484199955
TDLA30-10__clean,in-dist,25,ML-bler10,32.52723146666667,0.26429062296904826,0.058199999999999995,3.975523661852498
TDLA30-10__clean,in-dist,25,Oracle,32.890601600000004,0.17815828441143708,0.05336666666666667,5.1370611857308734
TDLB100-400__clean,in-dist,5,OLLA,3.9641834666666664,0.018731949249937374,0.1008,0.0
TDLB100-400__clean,in-dist,5,ML-tput,4.465214933333333,0.025343519265923337,0.17666666666666667,12.638957578014542
TDLB100-400__clean,in-dist,5,ML-bler10,4.4920138666666665,0.03723137600011901,0.10160000000000002,13.314984143350795
TDLB100-400__clean,in-dist,5,Oracle,5.318989333333334,0.0289518223248358,0.11099999999999999,34.17616460132893
TDLB100-400__clean,in-dist,10,OLLA,8.607917866666666,0.08867109486205532,0.10086666666666666,0.0
TDLB100-400__clean,in-dist,10,ML-tput,9.702498666666667,0.041045798313375,0.12983333333333333,12.71597634822539
TDLB100-400__clean,in-dist,10,ML-bler10,9.611297066666666,0.047054612176444015,0.10003333333333331,11.656468097650997
TDLB100-400__clean,in-dist,10,Oracle,11.101450666666665,0.02666773050677977,0.08626666666666664,28.967897215376137
TDLB100-400__clean,in-dist,15,OLLA,14.066993066666669,0.02234469123488235,0.10103333333333331,0.0
TDLB100-400__clean,in-dist,15,ML-tput,15.318307733333334,0.037961299216731574,0.10396666666666665,8.895395488832625
TDLB100-400__clean,in-dist,15,ML-bler10,15.287437333333335,0.03705578199897487,0.09816666666666667,8.67594276106276
TDLB100-400__clean,in-dist,15,Oracle,16.95971306666667,0.03828696452887779,0.06669999999999998,20.563883029519857
TDLB100-400__clean,in-dist,20,OLLA,20.66081386666667,0.02432000987134308,0.10109999999999997,0.0
TDLB100-400__clean,in-dist,20,ML-tput,22.27472373333333,0.03291077482298007,0.10253333333333332,7.8114534939520475
TDLB100-400__clean,in-dist,20,ML-bler10,22.143206933333335,0.0675599749890095,0.09206666666666663,7.174901609555184
TDLB100-400__clean,in-dist,20,Oracle,23.908595199999997,0.03322947752262637,0.06653333333333333,15.719522736580904
TDLB100-400__clean,in-dist,25,OLLA,26.709614400000003,0.08591776536386375,0.10143333333333333,0.0
TDLB100-400__clean,in-dist,25,ML-tput,28.901614933333335,0.018078956445792077,0.08266666666666662,8.20678464505773
TDLB100-400__clean,in-dist,25,ML-bler10,28.865999466666665,0.04910820843194621,0.0772666666666667,8.07344139968813
TDLB100-400__clean,in-dist,25,Oracle,29.927903466666667,0.04896667941075484,0.05670000000000001,12.04917831635437
TDLC300-100__clean,OOD,5,OLLA,3.801781333333333,0.012948390344577895,0.10093333333333336,0.0
TDLC300-100__clean,OOD,5,ML-tput,4.243237866666666,0.021592923851628244,0.2154,11.611833891200462
TDLC300-100__clean,OOD,5,ML-bler10,4.208867733333333,0.026384412540404207,0.1068,10.707780493074125
TDLC300-100__clean,OOD,5,Oracle,5.546214933333332,0.011900075147475132,0.10466666666666664,45.88463793814548
TDLC300-100__clean,OOD,10,OLLA,8.042978666666668,0.08723024018115616,0.10089999999999999,0.0
TDLC300-100__clean,OOD,10,ML-tput,9.500473066666666,0.0727519887671969,0.1443333333333333,18.121326195237096
TDLC300-100__clean,OOD,10,ML-bler10,9.234197866666667,0.08154969896782141,0.10023333333333333,14.810672132413938
TDLC300-100__clean,OOD,10,Oracle,11.422208,0.05137574688612041,0.06443333333333334,42.014649962186446
TDLC300-100__clean,OOD,15,OLLA,14.141333866666665,0.10287776001155766,0.10086666666666666,0.0
TDLC300-100__clean,OOD,15,ML-tput,15.335629866666666,0.10931223553708723,0.10399999999999998,8.445426798211342
TDLC300-100__clean,OOD,15,ML-bler10,15.406008,0.09071502115438265,0.09976666666666667,8.943103566166188
TDLC300-100__clean,OOD,15,Oracle,18.361592533333337,0.00853143138804373,0.05753333333333336,29.843427122631482
TDLC300-100__clean,OOD,20,OLLA,21.290437866666664,0.10951940838668338,0.10123333333333333,0.0
TDLC300-100__clean,OOD,20,ML-tput,23.505675733333334,0.14311215901209248,0.08863333333333334,10.404848789582456
TDLC300-100__clean,OOD,20,ML-bler10,23.430753066666664,0.14508379971766414,0.07056666666666667,10.052941200194754
TDLC300-100__clean,OOD,20,Oracle,26.198911999999996,0.0333469065143975,0.042666666666666665,23.054829421889323
TDLC300-100__clean,OOD,25,OLLA,27.571279466666667,0.1250383789518874,0.10133333333333332,0.0
TDLC300-100__clean,OOD,25,ML-tput,30.696882133333332,0.053442259470530926,0.04593333333333335,11.33644403570564
TDLC300-100__clean,OOD,25,ML-bler10,30.602717866666666,0.07333998302360076,0.03716666666666668,10.99491376040409
TDLC300-100__clean,OOD,25,Oracle,32.158674133333335,0.06015902121662218,0.026633333333333325,16.638308977328276
