scenario,snr,gain_pct,gain_std,flag_rate,cal_flag_rate,diagnosis,safe_gain_pct,safe_diag_gain_pct
AWGN__cfo-mild,5.0,-21.29836517097835,0.03755845615943665,0.0,0.0,uncertain,-21.29836517097835,-21.29836517097835
AWGN__cfo-mild,15.0,7.969445182356938,0.28744674280036797,0.0,0.0,pa,7.969445182356938,7.969445182356938
AWGN__cfo-mild,25.0,-2.2806118143459897,0.04647679324895071,0.0,0.0,cfo,-2.2806118143459897,-2.2806118143459897
AWGN__cfo-moderate,5.0,-21.1394502529852,0.18279114938817842,0.0,0.0,uncertain,-21.1394502529852,-21.1394502529852
AWGN__cfo-moderate,15.0,10.84207413153797,0.16277610171611112,0.0,0.0,cfo,10.84207413153797,10.84207413153797
AWGN__cfo-moderate,25.0,-2.185116518559427,0.00326223183112484,0.0,0.0,cfo,-2.185116518559427,-2.185116518559427
AWGN__cfo-severe,5.0,-21.331675627193974,0.07831459120531403,0.0,0.0,uncertain,-21.331675627193974,-21.331675627193974
AWGN__cfo-severe,15.0,-4.627262385198739,0.18951125004039726,0.041666666666666664,0.0,cfo,-4.627262385198739,-4.627262385198739
AWGN__cfo-severe,25.0,-21.763059544402985,0.13870169980686464,1.0,1.0,cfo,-3.024965890405423,-0.9596592476678489
AWGN__clean,5.0,-21.267834477255665,0.04741947260443746,0.0,0.0,uncertain,-21.267834477255665,-21.267834477255665
AWGN__clean,15.0,5.01029690837731,0.09124686970141127,0.0,0.0,pa,5.01029690837731,5.01029690837731
AWGN__clean,25.0,-2.2209071729957786,0.0038607594936679313,0.0,0.0,clean,-2.2209071729957786,-2.2209071729957786
AWGN__iq-mild,5.0,-21.08628886800055,0.13846746016815126,0.0,0.0,uncertain,-21.08628886800055,-21.08628886800055
AWGN__iq-mild,15.0,7.079842344680487,0.26320121079494996,0.0,0.0,iq,7.079842344680487,7.079842344680487
AWGN__iq-mild,25.0,-2.2209071729957786,0.0038607594936679313,0.0,0.0,iq,-2.2209071729957786,-2.2209071729957786
AWGN__iq-moderate,5.0,-21.281831507438376,0.13107048222498197,0.0,0.0,uncertain,-21.281831507438376,-21.281831507438376
AWGN__iq-moderate,15.0,-3.613611122224225,0.3306715254096648,0.0,0.0,iq,-3.613611122224225,-3.613611122224225
AWGN__iq-moderate,25.0,-3.918027410529279,0.013814777985687865,1.0,1.0,iq,-3.047600329390998,-0.5993623025760453
AWGN__iq-severe,5.0,-15.233872114718972,0.06590975249917141,0.0,0.0,uncertain,-15.233872114718972,-15.233872114718972
AWGN__iq-severe,15.0,2.253442321514154,0.14859426245742435,0.08333333333333333,0.0,iq,2.253442321514154,2.253442321514154
AWGN__iq-severe,25.0,-47.73981232021908,0.1331577755337321,1.0,1.0,iq,-4.899254776912798,-1.5433786970218133
AWGN__pa-mild,5.0,-18.63656779669678,0.008081988310626453,0.0,0.0,uncertain,-18.63656779669678,-18.63656779669678
AWGN__pa-mild,15.0,10.984408598922213,0.12860280790188972,0.0,0.0,pa,10.984408598922213,10.984408598922213
AWGN__pa-mild,25.0,-2.2209071729957786,0.0038607594936679313,0.0,0.0,clean,-2.2209071729957786,-2.2209071729957786
AWGN__pa-moderate,5.0,-7.876872695912857,0.20339296859188116,0.0,0.0,uncertain,-7.876872695912857,-7.876872695912857
AWGN__pa-moderate,15.0,-4.565291099513935,0.18368353000182136,0.041666666666666664,0.0,pa,-4.565291099513935,-4.565291099513935
AWGN__pa-moderate,25.0,-1.222935577616091,0.3541734012503128,1.0,0.5416666666666667,pa,-1.3619176713689396,-0.5342306112825157
AWGN__pa-severe,5.0,4.203174360036388,0.1599521087283673,0.0,0.0,uncertain,4.203174360036388,4.203174360036388
AWGN__pa-severe,15.0,3.674349047512704,0.19010618005913527,0.875,0.08333333333333333,pa,3.674349047512704,3.674349047512704
AWGN__pa-severe,25.0,-32.738734483264324,0.03847291194484237,1.0,1.0,pa,-3.7518422949512686,-1.146308434186366
AWGN__pn-mild,5.0,-21.07358706318142,0.1721250850588718,0.0,0.0,uncertain,-21.07358706318142,-21.07358706318142
AWGN__pn-mild,15.0,9.799503122548048,0.12249974690321519,0.0,0.0,pa,9.799503122548048,9.799503122548048
AWGN__pn-mild,25.0,0.9758004314615154,0.0660058682941167,1.0,0.0,pn,0.9758004314615154,0.9758004314615154
AWGN__pn-moderate,5.0,-17.22722060585679,0.059299770318760325,0.0,0.0,uncertain,-17.22722060585679,-17.22722060585679
AWGN__pn-moderate,15.0,1.0244809813626743,0.11954536986094055,0.9166666666666666,0.08333333333333333,pn,1.0244809813626743,1.0244809813626743
AWGN__pn-moderate,25.0,-17.51829605036148,0.04747557492815746,1.0,1.0,pn,-1.8080738291133047,-0.4957928581188764
AWGN__pn-severe,5.0,-4.785403704959911,0.176967269600381,0.0,0.0,uncertain,-4.785403704959911,-4.785403704959911
AWGN__pn-severe,15.0,8.840902344193413,0.7053223871769765,1.0,1.0,pn,-1.8499850606985724,-0.32662432839453137
AWGN__pn-severe,25.0,17.075393717885245,0.444584557400729,1.0,1.0,pn,0.6127771272617655,-0.06448984777635003
TDLA30-10__cfo-mild,5.0,8.669601161343376,1.4404735953095549,0.0,0.0,uncertain,8.669601161343376,8.669601161343376
TDLA30-10__cfo-mild,15.0,2.103965392106244,0.4261907602547188,0.0,0.0,pa,2.103965392106244,2.103965392106244
TDLA30-10__cfo-mild,25.0,2.8144740212380004,0.042133111635744847,0.0,0.0,cfo,2.8144740212380004,2.8144740212380004
TDLA30-10__cfo-moderate,5.0,10.020658387355963,0.8520357656784827,0.0,0.0,uncertain,10.020658387355963,10.020658387355963
TDLA30-10__cfo-moderate,15.0,2.98294554094366,0.13397270799188066,0.0,0.0,cfo,2.98294554094366,2.98294554094366
TDLA30-10__cfo-moderate,25.0,3.7471126851993497,0.3231048207332221,0.16666666666666666,0.0,cfo,3.7471126851993497,3.7471126851993497
TDLA30-10__cfo-severe,5.0,11.096015466739894,0.9399363514978387,0.0,0.0,uncertain,11.096015466739894,11.096015466739894
TDLA30-10__cfo-severe,15.0,3.1004449426475733,0.2240395626920022,0.0,0.0,cfo,3.1004449426475733,3.1004449426475733
TDLA30-10__cfo-severe,25.0,-17.4469759145984,1.418223433442617,1.0,1.0,cfo,-2.6633464731573966,-0.8260363388731484
TDLA30-10__clean,5.0,7.666602298005321,0.5343512234431524,0.0,0.0,uncertain,7.666602298005321,7.666602298005321
TDLA30-10__clean,15.0,2.756277762387771,0.10663677786587611,0.0,0.0,pa,2.756277762387771,2.756277762387771
TDLA30-10__clean,25.0,4.081852423447286,0.054622259495584746,0.0,0.0,clean,4.081852423447286,4.081852423447286
TDLA30-10__iq-mild,5.0,9.57523842664183,0.2792328591917137,0.0,0.0,uncertain,9.57523842664183,9.57523842664183
TDLA30-10__iq-mild,15.0,2.715256564158186,0.4335558715433008,0.0,0.0,iq,2.715256564158186,2.715256564158186
TDLA30-10__iq-mild,25.0,2.861080910645153,0.05375102521786301,0.0,0.0,iq,2.861080910645153,2.861080910645153
TDLA30-10__iq-moderate,5.0,8.827973733064198,0.36598386377934,0.041666666666666664,0.0,uncertain,8.827973733064198,8.827973733064198
TDLA30-10__iq-moderate,15.0,3.4361295919940638,0.155763417311916,0.0,0.0,iq,3.4361295919940638,3.4361295919940638
TDLA30-10__iq-moderate,25.0,-9.859870870885434,0.10602613168978481,1.0,1.0,iq,-1.5831466962236584,-0.4299411809527143
TDLA30-10__iq-severe,5.0,13.417165054632353,1.5528404043921862,0.0,0.0,uncertain,13.417165054632353,13.417165054632353
TDLA30-10__iq-severe,15.0,3.9216646650834797,0.04592015275626249,0.08333333333333333,0.16666666666666666,iq,3.9216646650834797,3.9216646650834797
TDLA30-10__iq-severe,25.0,-51.47977893113561,2.7340493202684724,1.0,1.0,iq,-5.078787914587135,-1.6310606679199757
TDLA30-10__pa-mild,5.0,7.977820572310357,2.530245674577869,0.0,0.0,uncertain,7.977820572310357,7.977820572310357
TDLA30-10__pa-mild,15.0,2.9206999373399656,0.031523299460034515,0.0,0.0,pa,2.9206999373399656,2.9206999373399656
TDLA30-10__pa-mild,25.0,5.061550705397321,0.05874108778086695,0.0,0.0,clean,5.061550705397321,5.061550705397321
TDLA30-10__pa-moderate,5.0,14.285698740452313,2.8631034672585542,0.08333333333333333,0.041666666666666664,uncertain,14.285698740452313,14.285698740452313
TDLA30-10__pa-moderate,15.0,3.0914495869774017,0.14800593370916104,0.0,0.0,pa,3.0914495869774017,3.0914495869774017
TDLA30-10__pa-moderate,25.0,-0.7448624230926792,0.12681261562400015,1.0,0.9583333333333333,pa,-1.575235507867001,-0.6458609993222175
TDLA30-10__pa-severe,5.0,17.21422823367451,0.9431107542806405,0.041666666666666664,0.625,uncertain,14.325735705750498,14.325735705750498
TDLA30-10__pa-severe,15.0,3.2293494789707777,0.28560710711875714,0.375,0.7083333333333333,pa,-1.1735338826129815,-0.7178263253798334
TDLA30-10__pa-severe,25.0,-37.73636358669348,3.9561975207225486,1.0,1.0,pa,-4.418991620085267,-1.0793587547351713
TDLA30-10__pn-mild,5.0,13.402303165613173,5.014258989718767,0.0,0.0,uncertain,13.402303165613173,13.402303165613173
TDLA30-10__pn-mild,15.0,2.500294181252516,0.330812811698189,0.0,0.0,pa,2.500294181252516,2.500294181252516
TDLA30-10__pn-mild,25.0,3.374960388122261,0.0032168253704778493,0.875,0.0,pn,3.374960388122261,3.374960388122261
TDLA30-10__pn-moderate,5.0,8.404613301985965,1.8103587877746907,0.0,0.0,uncertain,8.404613301985965,8.404613301985965
TDLA30-10__pn-moderate,15.0,3.4523493054456345,0.053542776657178326,0.125,0.20833333333333331,pn,2.527098819933693,2.407708963324162
TDLA30-10__pn-moderate,25.0,-17.463931886147684,1.5431520414273148,1.0,1.0,pn,-1.8832767185869181,-0.34969409004005914
TDLA30-10__pn-severe,5.0,15.3269717345758,1.4396228168166658,0.041666666666666664,0.16666666666666666,uncertain,15.3269717345758,15.3269717345758
TDLA30-10__pn-severe,15.0,1.7791494360712035,1.1848583100692256,1.0,1.0,pn,-1.751872858298248,-0.6141108610849877
TDLA30-10__pn-severe,25.0,-75.7802595041417,1.0090396263026602,1.0,1.0,pn,-7.149129802733295,-2.437405832330186
TDLB100-400__cfo-mild,5.0,10.734556512761129,0.550789337333224,0.0,0.041666666666666664,uncertain,10.734556512761129,10.734556512761129
TDLB100-400__cfo-mild,15.0,11.404099780141387,0.8254585428092875,0.0,0.041666666666666664,cfo,11.404099780141387,11.404099780141387
TDLB100-400__cfo-mild,25.0,-0.29866309140730296,0.1397825423642418,1.0,1.0,cfo,0.1769889722289808,0.26232036227352706
TDLB100-400__cfo-moderate,5.0,11.524433557307157,0.3222639864292609,0.0,0.041666666666666664,uncertain,11.524433557307157,11.524433557307157
TDLB100-400__cfo-moderate,15.0,12.101723619107375,0.6488457992283037,0.0,0.25,cfo,9.528386399396371,8.08987290002323
TDLB100-400__cfo-moderate,25.0,-30.28027691871517,0.044532115508516545,1.0,1.0,cfo,-2.6309165942158597,-0.5051182699160439
TDLB100-400__cfo-severe,5.0,9.25014291105174,0.3380721632594841,0.0,0.25,uncertain,9.25014291105174,9.25014291105174
TDLB100-400__cfo-severe,15.0,11.04179766943062,1.0192020753413744,0.0,1.0,cfo,-1.1796461279707626,-0.616677093719159
TDLB100-400__cfo-severe,25.0,-64.54033391864212,0.6201348473425572,1.0,1.0,cfo,-6.694995610872384,-1.9225688102789296
TDLB100-400__clean,5.0,14.870492974661397,0.17446203000651694,0.0,0.0,uncertain,14.870492974661397,14.870492974661397
TDLB100-400__clean,15.0,8.710806054089781,0.12715437064836355,0.0,0.0,pa,8.710806054089781,8.710806054089781
TDLB100-400__clean,25.0,7.662879026366143,0.28525835085949636,0.0,0.0,clean,7.662879026366143,7.662879026366143
TDLB100-400__iq-mild,5.0,14.547339285760764,1.5567887552019877,0.0,0.0,uncertain,14.547339285760764,14.547339285760764
TDLB100-400__iq-mild,15.0,9.036948526304755,0.670254163215922,0.0,0.0,cfo,9.036948526304755,9.036948526304755
TDLB100-400__iq-mild,25.0,8.790103382122094,0.23995155554739078,0.0,0.0,iq,8.790103382122094,8.790103382122094
TDLB100-400__iq-moderate,5.0,9.970974900498508,1.21941427381006,0.0,0.041666666666666664,uncertain,9.970974900498508,9.970974900498508
TDLB100-400__iq-moderate,15.0,13.125384491260583,0.30926703171308967,0.0,0.0,iq,13.125384491260583,13.125384491260583
TDLB100-400__iq-moderate,25.0,-26.339554440098826,0.37939265440758985,1.0,1.0,iq,-2.571365867109776,-0.730010170975337
TDLB100-400__iq-severe,5.0,10.093320707763375,0.5731738400121533,0.0,0.16666666666666666,uncertain,10.093320707763375,10.093320707763375
TDLB100-400__iq-severe,15.0,12.97050048516234,0.44205903480444286,0.0,0.25,iq,10.189401334806746,8.937537688993103
TDLB100-400__iq-severe,25.0,-72.8657290286368,1.1483791572434066,1.0,1.0,iq,-6.7705324791525525,-1.8431253719703111
TDLB100-400__pa-mild,5.0,12.79507229765554,0.30221501677482054,0.0,0.0,uncertain,12.79507229765554,12.79507229765554
TDLB100-400__pa-mild,15.0,9.356180211175303,0.24706749000589223,0.0,0.0,cfo,9.356180211175303,9.356180211175303
TDLB100-400__pa-mild,25.0,6.874125357825978,0.15201346090635282,0.0,0.0,cfo,6.874125357825978,6.874125357825978
TDLB100-400__pa-moderate,5.0,8.934127165889926,0.19036896873345643,0.0,0.375,uncertain,8.934127165889926,8.934127165889926
TDLB100-400__pa-moderate,15.0,12.371853847635272,0.7652761935655783,0.0,0.0,pa,12.371853847635272,12.371853847635272
TDLB100-400__pa-moderate,25.0,-1.135896651210777,0.8850157983042339,1.0,1.0,pa,-0.6523643736750961,-0.1783169751971292
TDLB100-400__pa-severe,5.0,5.059287150430114,1.101471646420249,0.0,1.0,uncertain,1.4630738274871768,1.4630738274871768
TDLB100-400__pa-severe,15.0,12.443834296075684,0.6611220558985109,0.0,0.875,pa,3.7167583481259925,2.018981360753269
TDLB100-400__pa-severe,25.0,-54.59023116531634,0.7317910049238374,1.0,1.0,pa,-4.904444392327983,-1.2747628514703235
TDLB100-400__pn-mild,5.0,14.399831255977059,0.75631139807395,0.0,0.0,uncertain,14.399831255977059,14.399831255977059
TDLB100-400__pn-mild,15.0,9.187543887460325,0.4474396867139241,0.0,0.0,pa,9.187543887460325,9.187543887460325
TDLB100-400__pn-mild,25.0,5.893813837489137,0.7001667950429558,0.9166666666666666,0.45833333333333337,pn,4.727227068057305,3.5339643166056756
TDLB100-400__pn-moderate,5.0,10.625848802540617,0.17715933733445377,0.0,0.0,uncertain,10.625848802540617,10.625848802540617
TDLB100-400__pn-moderate,15.0,11.862656688195228,0.547647566785392,0.0,0.5,pn,11.862656688195228,11.862656688195228
TDLB100-400__pn-moderate,25.0,-32.04744080765269,0.597705107569052,1.0,1.0,pn,-2.849118067366019,-0.8314974724209667
TDLB100-400__pn-severe,5.0,9.641665864671989,0.058311239670860715,0.0,0.5,uncertain,7.954009018197095,7.954009018197095
TDLB100-400__pn-severe,15.0,0.5877345898004371,1.1762748270462087,1.0,1.0,pn,-1.332815185106423,0.019513419570699186
TDLB100-400__pn-severe,25.0,-87.37115896007758,0.3438844699947263,1.0,1.0,pn,-8.885629796996392,-2.500783468018175
TDLC300-100__cfo-mild,5.0,10.423340105722534,0.33824044089590943,1.0,0.0,uncertain,10.423340105722534,10.423340105722534
TDLC300-100__cfo-mild,15.0,8.802497468709037,0.7736502184952809,1.0,0.0,cfo,8.802497468709037,8.802497468709037
TDLC300-100__cfo-mild,25.0,12.4375172814694,0.5227772084347881,1.0,0.0,cfo,12.4375172814694,12.4375172814694
TDLC300-100__cfo-moderate,5.0,10.30418744115198,0.4029764676821923,1.0,0.0,uncertain,10.30418744115198,10.30418744115198
TDLC300-100__cfo-moderate,15.0,10.38893352133785,0.2884220852592767,1.0,0.0,cfo,10.38893352133785,10.38893352133785
TDLC300-100__cfo-moderate,25.0,9.426607449808111,0.08860342493283158,1.0,0.29166666666666663,cfo,9.426607449808111,9.426607449808111
TDLC300-100__cfo-severe,5.0,10.467120326257684,0.837047026260429,1.0,0.08333333333333333,uncertain,10.467120326257684,10.467120326257684
TDLC300-100__cfo-severe,15.0,13.058492740477146,0.8167567902561013,1.0,0.125,cfo,13.058492740477146,13.058492740477146
TDLC300-100__cfo-severe,25.0,-36.31002408655164,0.31663958448270857,1.0,1.0,cfo,-3.2108093767104497,-0.8137839862001672
TDLC300-100__clean,5.0,10.053078174835427,0.5568814857571436,1.0,0.08333333333333333,uncertain,10.053078174835427,10.053078174835427
TDLC300-100__clean,15.0,9.640271885742202,0.5743401408718207,1.0,0.0,clean,9.640271885742202,9.640271885742202
TDLC300-100__clean,25.0,11.57516676064726,0.18166424911240098,1.0,0.0,clean,11.57516676064726,11.57516676064726
TDLC300-100__iq-mild,5.0,11.799907177856372,0.8081181583031061,1.0,0.0,uncertain,11.799907177856372,11.799907177856372
TDLC300-100__iq-mild,15.0,9.032216025535146,0.26913253852303143,1.0,0.0,pa,9.032216025535146,9.032216025535146
TDLC300-100__iq-mild,25.0,12.64264095286267,0.4210471441341568,1.0,0.0,iq,12.64264095286267,12.64264095286267
TDLC300-100__iq-moderate,5.0,9.016703871842235,0.5594733540320362,1.0,0.08333333333333333,uncertain,9.016703871842235,9.016703871842235
TDLC300-100__iq-moderate,15.0,12.30549062685583,0.4822012442110224,1.0,0.08333333333333333,iq,12.30549062685583,12.30549062685583
TDLC300-100__iq-moderate,25.0,-23.21393039765298,0.17156065153497435,1.0,1.0,iq,-1.9138505464384226,-0.3600256787135714
TDLC300-100__iq-severe,5.0,8.747233294532053,0.5217291371752641,1.0,0.25,uncertain,8.747233294532053,8.747233294532053
TDLC300-100__iq-severe,15.0,12.389053177746923,0.36517063635284064,1.0,0.9166666666666667,iq,6.403074691066813,4.874041113864902
TDLC300-100__iq-severe,25.0,-76.70461634044064,0.9474137825268958,1.0,1.0,iq,-7.542743338718077,-2.110052773616516
TDLC300-100__pa-mild,5.0,10.324156647462946,0.31589389930036793,1.0,0.08333333333333333,uncertain,10.324156647462946,10.324156647462946
TDLC300-100__pa-mild,15.0,10.323808633598253,0.20275820274853196,1.0,0.0,pa,10.323808633598253,10.323808633598253
TDLC300-100__pa-mild,25.0,12.884371411390527,0.573487211273338,1.0,0.0,clean,12.884371411390527,12.884371411390527
TDLC300-100__pa-moderate,5.0,6.628715138108532,0.5564734431006024,1.0,0.45833333333333337,uncertain,6.628715138108532,6.628715138108532
TDLC300-100__pa-moderate,15.0,13.417914598360682,0.8899305594475049,1.0,0.16666666666666666,pa,13.417914598360682,13.417914598360682
TDLC300-100__pa-moderate,25.0,1.2983630432527926,0.4749508302629879,1.0,1.0,pa,0.04845394954974269,0.3725535963311488
TDLC300-100__pa-severe,5.0,4.082532187116383,0.3995440497043923,1.0,0.9583333333333333,uncertain,2.7057081746195477,2.7057081746195477
TDLC300-100__pa-severe,15.0,13.776249432994291,0.366006145712916,1.0,1.0,pa,0.9924668171444329,0.2774763989690954
TDLC300-100__pa-severe,25.0,-60.083355590956636,0.4511844689534028,1.0,1.0,pa,-5.873843840044829,-1.7450362807807207
TDLC300-100__pn-mild,5.0,9.712915164508651,0.7245470254490183,1.0,0.0,uncertain,9.712915164508651,9.712915164508651
TDLC300-100__pn-mild,15.0,11.158556862201053,0.6309293343458644,1.0,0.0,pa,11.158556862201053,11.158556862201053
TDLC300-100__pn-mild,25.0,10.088851268370602,0.45337505208880025,1.0,0.0,pn,10.088851268370602,10.088851268370602
TDLC300-100__pn-moderate,5.0,8.559691937941516,0.06499669289189436,1.0,0.08333333333333333,uncertain,8.559691937941516,8.559691937941516
TDLC300-100__pn-moderate,15.0,13.090594797108546,1.0208825009446088,1.0,0.5,pn,13.090594797108546,13.090594797108546
TDLC300-100__pn-moderate,25.0,-25.977244640424875,0.474156534243414,1.0,1.0,pn,-2.2105621865541547,-0.5680795880646683
TDLC300-100__pn-severe,5.0,6.776207586339633,0.015884424482415227,1.0,0.625,uncertain,6.776207586339633,6.776207586339633
TDLC300-100__pn-severe,15.0,1.7180064871684775,0.9128761276016584,1.0,1.0,pn,-1.1593467678250424,-0.16757246245570068
TDLC300-100__pn-severe,25.0,-88.56778370202989,0.03127703520865999,1.0,1.0,pn,-8.72432201067172,-2.7161224768973593
